text,date,frustration,political,offers a solution,spreads news,fear or panic,blame,humorous,sarcastic,grateful,seeking help
Los Angeles Wildfires - The Solution:,01-25-2025,0,0,0,0,0,0,0,0,0,0
Khlo√© Kardashian Called Hypocrite After Criticizing L.A. Mayor Over Wildfire Response,01-13-2025,0,0,0,0,0,0,0,0,0,0
President Biden announces $770 payments for California wildfire victims,01-14-2025,0,0,0,0,0,0,0,0,0,0
LA Mayor Bass says Africa trip before deadly wildfires was a mistake,02-16-2025,0,0,0,0,0,0,0,0,0,0
"""Customers Are Not Coming In"": LA Restaurants Reach a Breaking Point Due to the 2025 Wildfires",01-18-2025,0,0,0,0,0,0,0,0,0,0
Edison wants to raise rates to pay for wildfires linked to its equipment,01-30-2025,0,0,0,0,0,0,0,0,0,0
"Bill Burr on the wildfires, the reaction on social media, and ‚Äúlooting‚Äù",01-15-2025,0,0,0,0,0,0,0,0,0,0
‚ÄúSanta Monica police release mugshots of suspects accused of trying to loot during California wildfires‚Äù,01-13-2025,0,0,0,0,0,0,0,0,0,0
"Dodgers Foundation, Owner Mark Walter Making $100 Million Donation to Los Angeles Wildfire Recovery and Rebuilding",01-29-2025,0,0,0,0,0,0,0,0,0,0
California governor asks Congress for nearly $40 billion for Los Angeles wildfire relief,02-23-2025,0,0,0,0,0,0,0,0,0,0
"Rents likely to balloon in wake of L.A. wildfires, experts say",01-10-2025,0,0,0,0,0,0,0,0,0,0
L.A. wildfire coverage shows why local TV news matters in a crisis,01-21-2025,0,0,0,0,0,0,0,0,0,0
"Los Angeles wildfires rage as California homeowners battle an ""insurance crisis""",01-09-2025,0,0,0,0,0,0,0,0,0,0
Elon Musk and Donald Trump spread disinformation as wildfires rage in the LA area,01-09-2025,0,0,0,0,0,0,0,0,0,0
Taiwan donates over $1M to LA County wildfire relief,02-11-2025,0,0,0,0,0,0,0,0,0,0
Trump seeks to circumvent laws on California's water amid wildfire response,01-27-2025,0,0,0,0,0,0,0,0,0,0
Firefighter on L.A. Wildfire Causes (from NextDoor),01-14-2025,0,0,0,0,0,0,0,0,0,0
One of Los Angeles' two lesbians bars announced it will close due to wildfires,01-14-2025,0,0,0,0,0,0,0,0,0,0
"‚ÄòOverwhelming‚Äô: what happens to 50,000lb of extra LA wildfire clothing donations? | California wildfires - The Guardian",01-30-2025,0,0,0,0,0,0,0,0,0,0
"The wildfires have created an entirely new housing crisis in Los Angeles
",01-15-2025,0,0,0,0,0,0,0,0,0,0
State Farm Seeking Interim 22% Rate Hike for Homeowners in Wake of LA Wildfires,02-03-2025,0,0,0,0,0,0,0,0,0,0
Iran offers to send firefighters to combat LA wildfires,01-15-2025,0,0,0,0,0,0,0,0,0,0
Man Emotionally Reunites w/Dog That Went Missing In LA Wildfires January 12 2025,01-13-2025,0,0,0,0,0,0,0,0,0,0
"Man agrees to plead guilty for flying drone that damaged firefighting aircraft in LA wildfire, faces possible year in prison & $65K repair bill. 56 year old is Culver resident.",02-01-2025,0,0,0,0,0,0,0,0,0,0
American-Mexican band Fuerza Regida rent out entire hotel to shelter victims of LA wildfires,01-12-2025,0,0,0,0,0,0,0,0,0,0
Elevated Lead + Chlorine Levels during LA Wildfires ,01-20-2025,0,0,0,0,0,0,0,0,0,0
"""There will be strings attached"": GOP Sen. says Los Angeles wildfire aid won't be ""blank check""",01-13-2025,0,0,0,0,0,0,0,0,0,0
20 people arrested for looting in Los Angeles area wildfire zones,01-09-2025,0,0,0,0,0,0,0,0,0,0
The Parade of the Illogical refuses to admit climate change is causing more devastating wildfires,01-15-2025,0,0,0,0,0,0,0,0,0,0
TikTok tells LA staff impacted by wildfires to use personal/sick hours if they can't work from home,01-11-2025,0,0,0,0,0,0,0,0,0,0
Private fire hydrants are in big demand after devastating L.A. wildfires,01-28-2025,0,0,0,0,0,0,0,0,0,0
"Wildfires Continues in Los Angeles and Southern California as for Tuesday January 14, 2025",01-14-2025,0,0,0,0,0,0,0,0,0,0
Study says Los Angeles rent prices spiked illegally during historic wildfires,01-28-2025,0,0,0,0,0,0,0,0,0,0
Newsom suspends landmark environmental laws to ease rebuilding in wildfire zones,01-12-2025,0,0,0,0,0,0,0,0,0,0
AIR7 captures the wildfire devastation in Pacific Palisades.,01-09-2025,0,0,0,0,0,0,0,0,0,0
Thousands ordered to evacuate as ‚Äòdangerously fast‚Äô wildfire burns near Los Angeles,11-07-2024,0,0,0,0,0,0,0,0,0,0
Could LA wildfires trigger a financial crisis?,01-12-2025,0,0,0,0,0,0,0,0,0,0
"Apartments for $20,000 a month: residents scramble after wildfires deepen LA‚Äôs housing crisis",01-22-2025,0,0,0,0,0,0,0,0,0,0
State Farm to offer renewals to policyholders impacted by L.A. County wildfires,01-16-2025,0,0,0,0,0,0,0,0,0,0
Los Angeles-area residents affected by wildfire eligible for $770 FEMA checks,01-14-2025,0,0,0,0,0,0,0,0,0,0
Local Fox anchor shreds LA wildfire Lies,01-12-2025,0,0,0,0,0,0,0,0,0,0
"""üö®LA County Board of Supervisors, in the guise of wildfire recovery, want the State to suspend the density bonus law, require rebuilding businesses to add parking, and delay processing of ADUs to house displaced residents. The Legislature must reject this""",01-25-2025,0,0,0,0,0,0,0,0,0,0
EPA rushes to meet Trump's deadline to clear toxic debris from Los Angeles area wildfire zones,02-07-2025,0,0,0,0,0,0,0,0,0,0
Taylor Swift‚Äôs list of organizations she donated to in response to the wildfires,01-16-2025,0,0,0,0,0,0,0,0,0,0
Rick Caruso's organization offering new homes to wildfire victims,02-22-2025,0,0,0,0,0,0,0,0,0,0
California prisoner firefighter program draws harsh criticism amid L.A. wildfires,01-13-2025,0,0,0,0,0,0,0,0,0,0
What scams and bad actors should we be aware of during the wildfires,01-12-2025,0,0,0,0,0,0,0,0,0,0
"Far-Right Extremists Are LARPing as Emergency Workers in Los Angeles ‚Äî White supremacists and MAGA livestreamers are using the wildfires to solicit donations, juice social media engagement, and recruit new followers.",01-15-2025,0,0,0,0,0,0,0,0,0,0
Join r/LosAngeles in Supporting the Wildfire Relief Fund,01-13-2025,0,0,0,0,0,0,0,0,0,0
February 7th one month since the historic violent wind event of January 7th and subsequent wildfires nightmare resulting in death and destruction on a scale never before seen in our Southern California history,02-07-2025,0,0,0,0,0,0,0,0,0,0
Airbnb.org offers temporary housing to people impacted by Los Angeles wildfires,01-08-2025,0,0,0,0,0,0,0,0,0,0
How a ‚Äòwarrior‚Äô brain surgeon saved his Malibu street from wildfires and looters,01-11-2025,0,0,0,0,0,0,0,0,0,0
Rick Caruso launches foundation to help rebuild L.A. after wildfires,02-03-2025,0,0,0,0,0,0,0,0,0,0
Photos show Will Rogers' Los Angeles home destroyed in wildfires,01-08-2025,0,0,0,0,0,0,0,0,0,0
What is the pink powder sprayed over the California wildfires?,01-16-2025,0,0,0,0,0,0,0,0,0,0
Lessons from the burn zone: Why some homes survived the L.A. wildfires - L.A. Times,01-19-2025,0,0,0,0,0,0,0,0,0,0
"According to LA Officials, Wildfire Smoke Is More Dangerous Than Any Form Of Pollution. Smoke With Lead Was Found As Far Away As 150 Miles From The Fire Zone During The 2008 Camp Fire ",01-15-2025,0,0,0,0,0,0,0,0,0,0
Lahaina's banyan tree and wildfire recovery,01-13-2025,0,0,0,0,0,0,0,0,0,0
Update: Donations now matched up to $20K x2!!! Join r/LosAngeles in Supporting the Wildfire Relief Fund,01-15-2025,0,0,0,0,0,0,0,0,0,0
"10 Deaths Reported From Ongoing Wildfires, Five Victims Identified.",01-10-2025,0,0,0,0,0,0,0,0,0,0
Canadian Water Bombers Departing to California Wildfires from Quebec,01-16-2025,0,0,0,0,0,0,0,0,0,0
LAUSD Superintendent Alberto Carvalho condemned by parent group and unions for failed management of wildfire response and other past scandals,01-17-2025,0,0,0,0,0,0,0,0,0,0
Madison McQueen Poll on Mayor‚Äôs Response to Wildfires via Politico,01-31-2025,0,0,0,0,0,0,0,0,0,0
"In the Wake of Devastating Wildfires, Could L.A. Rebuild More Connected Streets?",01-23-2025,0,0,0,0,0,0,0,0,0,0
Water Systems Expert Sends Message To The Public Amid LA Wildfires,01-17-2025,0,0,0,0,0,0,0,0,0,0
"Donations matched up to $20K -- Join r/LosAngeles in Supporting the Wildfire Relief Fund, now powered by Reddit Community Funds!",01-14-2025,0,0,0,0,0,0,0,0,0,0
[OUR WEBSITE] LA may get wildfire eviction protections countywide. Here‚Äôs what we know,02-19-2025,0,0,0,0,0,0,0,0,0,0
Navajo Nation firefighters battle wildfires in Los Angeles,01-19-2025,0,0,0,0,0,0,0,0,0,0
"11 Deaths Reported From Ongoing Wildfires, Eight Victims Identified {7 Americans & 1 Australian} - WXFatalities",01-11-2025,0,0,0,0,0,0,0,0,0,0
Are You and Your Family Prepared To Deal With Severe Smoke From a Wildfire?,09-08-2024,0,0,0,0,0,0,0,0,0,0
FULL CONCERT: FireAid - L.A. Wildfire Benefit Concert,02-05-2025,0,0,0,0,0,0,0,0,0,0
Fact-checking LA wildfire misinformation and conspiracy theories,01-14-2025,0,0,0,0,0,0,0,0,0,0
[OUR WEBSITE] Pasadena‚Äôs Red Cross wildfire shelter is shutting down soon. Where will evacuees go next?,02-07-2025,0,0,0,0,0,0,0,0,0,0
"A key ‚Äòweakness‚Äô in L.A.‚Äôs wildfire strategy went unaddressed for years, Post probe shows",01-18-2025,0,0,0,0,0,0,0,0,0,0
"Guardian US: As a wildfire erupted, Malibu was told to evacuate. Why were students at Pepperdine told to stay put?",12-11-2024,0,0,0,0,0,0,0,0,0,0
[OUR WEBSITE] Some San Fernando Valley residents can get up to $500 in wildfire relief,01-22-2025,0,0,0,0,0,0,0,0,0,0
"Another wildfire breaks out, this time near Palmdale",09-11-2024,0,0,0,0,0,0,0,0,0,0
What the wildfires says about City of L.A.‚Äôs failure of imagination,01-27-2025,0,0,0,0,0,0,0,0,0,0
"Billie Eilish, Lady Gaga & More Stars to Join FireAid Benefit Concert for L.A. Wildfire Victims",01-16-2025,0,0,0,0,0,0,0,0,0,0
LA County starts homeless count following wildfire delay,02-19-2025,0,0,0,0,0,0,0,0,0,0
What we know about the victims killed in the California wildfires,01-10-2025,0,0,0,0,0,0,0,0,0,0
'Super Scooper' Aircraft Fighting LA Wildfires Grounded After Drone Collision,01-10-2025,0,0,0,0,0,0,0,0,0,0
L.A. wildfires shine spotlight on obscure firefighting charity,01-20-2025,0,0,0,0,0,0,0,0,0,0
Free Volunteer Based Wildfire Logistics ,01-17-2025,0,0,0,0,0,0,0,0,0,0
Smoke rising as wildfires rage across Pacific Palisades and Pasadena,01-08-2025,0,0,0,0,0,0,0,0,0,0
L.A. wildfires destroy Black community birthed from Civil Rights era in Altadena ,01-14-2025,0,0,0,0,0,0,0,0,0,0
Musk says SpaceX will provide free Starlink terminals to areas hit by LA wildfires,01-12-2025,0,0,0,0,0,0,0,0,0,0
"Joan Didion's account of the 1978 Agoura-Malibu firestorm, which was fueled by at least eight significant wildfires in the Los Angeles area.",01-13-2025,0,0,0,0,0,0,0,0,0,0
"This is one of the photos as you enter into the Palisades Fire ""Wildfire Disaster Zone"" (POSTED: 2/1/2025 7:30pm)",02-03-2025,0,0,0,0,0,0,0,0,0,0
Wildfire & Air Quality Discrepancies ,01-16-2025,0,0,0,0,0,0,0,0,0,0
"Researchers found wildfire smoke to linger for weeks, some residents reported symptoms from bad air quality 6 months after ",01-16-2025,0,0,0,0,0,0,0,0,0,0
Finding Burnt Pages of Books in Your Yard? Wildfire Experts Say That's Normal ,01-16-2025,0,0,0,0,0,0,0,0,0,0
Camp helps kids impacted by Los Angeles area wildfires,02-18-2025,0,0,0,0,0,0,0,0,0,0
"{8 PM PST on Jan. 11} 16 Deaths / 13+ Missing Reported With Ongoing Wildfires, Eight Victims Identified -- WXFatalities",01-12-2025,0,0,0,0,0,0,0,0,0,0
Equine-Assisted Therapy and Therapeutic Riding for First Responders and Wildfire Victims - No Cost,01-16-2025,0,0,0,0,0,0,0,0,0,0
"The IRS says that taxpayers who have been impacted by the wildfires in California have until October 15, 2025 to file returns and make tax payments. ",01-11-2025,0,0,0,0,0,0,0,0,0,0
LA Metro to resume fare collection after wildfire pause,01-25-2025,0,0,0,0,0,0,0,0,0,0
Free therapy services for anyone affected by the wildfires tomorrow and Friday (info in comments),01-22-2025,0,0,0,0,0,0,0,0,0,0
WSJ: Los Angeles Offers a Wildfire Climate Exception for Rebuilding,02-01-2025,0,0,0,0,0,0,0,0,0,0
"How L.A. Bureaucracy Made It Harder to Clear Flammable Brush. A mishmash of government agencies failed to keep public lands safe from deadly wildfires, residents say",01-18-2025,0,0,0,0,0,0,0,0,0,0
[OUR WEBSITE] Metro extends free rides to wildfire victims. Here's how to sign up,01-24-2025,0,0,0,0,0,0,0,0,0,0
Canadian ‚ÄòSuper Scooper‚Äô plane grounded after hitting civilian drone over Los Angeles wildfires,01-10-2025,0,0,0,0,0,0,0,0,0,0
LA Wildfires,01-11-2025,0,0,0,0,0,0,0,0,0,0
THE CONVERSATION: Wildfires can contaminate drinking water systems with harmful chemicals ‚àí here‚Äôs what Los Angeles needs to know,01-12-2025,0,0,0,0,0,0,0,0,0,0
How you can help the incarcerated firefighters battling L.A. wildfires,01-12-2025,0,0,0,0,0,0,0,0,0,0
54 year old paper about a wildfire. ,01-12-2025,0,0,0,0,0,0,0,0,0,0
Malibu‚Äôs wildfire history,01-08-2025,0,0,0,0,0,0,0,0,0,0
Wildfire Reading List,01-16-2025,0,0,0,0,0,0,0,0,0,0
[OUR WEBSITE] Affected by the recent wildfires? Here‚Äôs how to apply for food benefits,02-11-2025,0,0,0,0,0,0,0,0,0,0
"Smithsonian Magazine: ""Music History and Contemporary Art Destroyed in the Deadly Los Angeles Wildfires""",01-15-2025,0,0,0,0,0,0,0,0,0,0
"Parents want to know: After wildfires, is my child's school safe and clean?",01-27-2025,0,0,0,0,0,0,0,0,0,0
This house can protect itself during a wildfire,01-21-2025,0,0,0,0,0,0,0,0,0,0
"{Jan. 12, 2025} 24 Deaths / 16+ Missing Reported With Ongoing Wildfires, Eight Victims Identified -- WXFatalities",01-13-2025,0,0,0,0,0,0,0,0,0,0
"New Fundraiser goal: $70,000! Join r/LosAngeles in Supporting the Wildfire Relief Fund!",01-18-2025,0,0,0,0,0,0,0,0,0,0
"Online scammers swarm L.A. wildfire victims. We called them
",01-16-2025,0,0,0,0,0,0,0,0,0,0
Did Climate Change Help Fuel the Los Angeles Wildfires?,01-10-2025,0,0,0,0,0,0,0,0,0,0
"The wildfires are second only to the Northridge Earthquake in how deadly and destructive they have been. Palisades, Eaton, and other fires from the last few days in context (data updated Jan 14 - 9:45AM)",01-14-2025,0,0,0,0,0,0,0,0,0,0
"Los Angeles County has cut homelessness, but wildfires threaten to erase that gain",02-25-2025,0,0,0,0,0,0,0,0,0,0
California wildfires live updates: Palisades Fire expands east to Brentwood and Encino,01-11-2025,0,0,0,0,0,0,0,0,0,0
Currently existing fire fighting equipment could solve the California wildfires within days.,01-17-2025,0,0,0,0,0,0,0,0,0,0
L.A. Wildfires Torched One of SoCal's Last Remaining Steelhead Streams,01-14-2025,0,0,0,0,0,0,0,0,0,0
Plastic Is Making LA's Wildfires Even Worse - The Atlantic,01-15-2025,0,0,0,0,0,0,0,0,0,0
KCAL Plus (channel 9.6) now airing regularly scheduled CBS shows temporarily amid coverage of ongoing wildfires,01-10-2025,0,0,0,0,0,0,0,0,0,0
"{Jan. 13, 2025} 24 Deaths / 15+ Missing Reported With Ongoing Wildfires, Two New Victims Identified -- WXFatalities",01-13-2025,0,0,0,0,0,0,0,0,0,0
These restaurants are donating a portion of all sales to wildfire efforts [my blog],01-23-2025,0,0,0,0,0,0,0,0,0,0
A Different View of the LA Wildfires by Corridor Crew.,01-13-2025,0,0,0,0,0,0,0,0,0,0
"If you see obviously scammy Youtube ads for suspect wildfire services or fundraisers (often AI generated or voiced), click the little (i) in the lower left corner, click report ad, and report for scam/phishing.",01-13-2025,0,0,0,0,0,0,0,0,0,0
HR 836 - Emergency Wildfire Fighting Technology Act of 2025,02-20-2025,0,0,0,0,0,0,0,0,0,0
FireAid Benefit Concert For California Wildfire Victims Set at Intuit Dome,01-11-2025,0,0,0,0,0,0,0,0,0,0
How to help L.A. wildfire victims and organizations supporting relief efforts,01-10-2025,0,0,0,0,0,0,0,0,0,0
LA Disaster Relief Navigator connects wildfire victims to resources online,02-07-2025,0,0,0,0,0,0,0,0,0,0
"LA mayor removed Fire chief from duty, citing wildfire response",02-21-2025,0,0,0,0,0,0,0,0,0,0
Bake Sale for LA Wildfire Relief,01-17-2025,0,0,0,0,0,0,0,0,0,0
FEMA Assistance is available for residents impacted by LA County wildfires,01-14-2025,0,0,0,0,0,0,0,0,0,0
Pacific Palisades Fire: Dramatic Night Timelapse of LA Wildfire from Webcam Footage,01-14-2025,0,0,0,0,0,0,0,0,0,0
rescuing animals abandoned in wildfires,01-14-2025,0,0,0,0,0,0,0,0,0,0
Free drinks! Donation drive event at Lala land coffee - Santa Monica.  for LA wildfire relief.  Jan 25,01-25-2025,0,0,0,0,0,0,0,0,0,0
A View of the Sunset Wildfire from my friend's apartment in Koreatown last night,01-09-2025,0,0,0,0,0,0,0,0,0,0
"3 Injuries, 0 Deaths Reported In Ongoing Wildfires",01-08-2025,0,0,0,0,0,0,0,0,0,0
How wildfire containment works: What it means to contain the L.A. fires,01-13-2025,0,0,0,0,0,0,0,0,0,0
Time-lapse of a wildfire progression and aftermath in Santa Anita Canyon near the city of Sierra Madre,01-09-2025,0,0,0,0,0,0,0,0,0,0
Looking for Advice ‚Äì Possible Water Contamination in Rustic Canyon After Wildfire,01-28-2025,0,0,0,0,0,0,0,0,0,0
"LA wildfires impacting air quality in San Diego County, smoke advisory as more Santa Ana winds expected",01-16-2025,0,0,0,0,0,0,0,0,0,0
Relief for those affected by the Los Angeles wildfires,01-10-2025,0,0,0,0,0,0,0,0,0,0
Los Angeles community steps up to try to give wildfire victims a sense of 'normalcy',01-15-2025,0,0,0,0,0,0,0,0,0,0
FEMA Assistance is Available for Individuals Affected by the Wildfires in California,01-10-2025,0,0,0,0,0,0,0,0,0,0
"KCRW Wildfire Cleanup Information Panel ‚Ä¢ Jan 27, 2025 ‚Ä¢ 7:00 pm PST",01-23-2025,0,0,0,0,0,0,0,0,0,0
"Newsweek wildfire updates: Live blog, maps, questions answered, pets and more",01-08-2025,0,0,0,0,0,0,0,0,0,0
"SBA OFFERS DISASTER ASSISTANCE FOR CALIFORNIA WILDFIRE RESIDENTS, BUSINESSES AND NON-PROFITS",01-12-2025,0,0,0,0,0,0,0,0,0,0
Resource center tomorrow in East LA for people impacted by the wildfires and their pets,01-11-2025,0,0,0,0,0,0,0,0,0,0
Climate change increased the likelihood of wildfire disaster in highly exposed Los Angeles area,01-31-2025,0,0,0,0,0,0,0,0,0,0
Why some structures may have withstood the Los Angeles area wildfires ‚Äì while those next door burned to the ground,01-15-2025,0,0,0,0,0,0,0,0,0,0
[CROSSPOST] I‚Äôm a climate writer and author who has been covering the wildfires across Los Angeles. Ask me anything.,01-30-2025,0,0,0,0,0,0,0,0,0,0
List of stores / restaurants providing proceeds to wildfire relief,01-17-2025,0,0,0,0,0,0,0,0,0,0
[OUR WEBSITE] Topanga Canyon Boulevard is closing until this evening amid wildfire warnings. Here's why,12-18-2024,0,0,0,0,0,0,0,0,0,0
Finding Friends and Family After the California Wildfires,01-10-2025,0,0,0,0,0,0,0,0,0,0
The Los Angeles Wildfires Have Created Another Problem‚ÄîUnsafe Drinking Water | WIRED,01-13-2025,0,0,0,0,0,0,0,0,0,0
"Wildfires Hitting Southern California on Wednesday January 8, 2025",01-08-2025,0,0,0,0,0,0,0,0,0,0
Los Angeles wildfires and disaster diplomacy: Can global aid strengthen international relations?,01-15-2025,0,0,0,0,0,0,0,0,0,0
"01/10 Newsweek wildfire updates: Live blog, maps, insurance and more. What do you want to know more about? ",01-10-2025,0,0,0,0,0,0,0,0,0,0
We're Ready For Wildfire - Are You?,11-06-2024,0,0,0,0,0,0,0,0,0,0
Wildfire smoke?,09-23-2024,0,0,0,0,0,0,0,0,0,0
"Find recovery resources for LA, San Bernardino county wildfires",09-18-2024,0,0,0,0,0,0,0,0,0,0
Wildfires from above,09-11-2024,0,0,0,0,0,0,0,0,0,0
Wildfire north of Los Angeles prompts evacuation orders; over 14k acres scorched,06-17-2024,0,0,0,0,0,0,0,0,0,0
